client,zona_client,contacte,convocatoria,entitat,zona_elegible,estat,obertura,tancament,dates_estimades,punts,prioritat,motius,url
DOGA,Província de Barcelona,Responsable de nous productes,Horizon Europe Clúster 4 – Made in Europe 2027 (fabricació avançada i circular),Comissió Europea,UE + països associats,propera,13/10/2026,02/02/2027,no,88,A,"temes: industria, sostenibilitat, economia_circular, cooperacio; rol: beneficiari",https://ec.europa.eu/info/funding-tenders/opportunities/docs/2021-2027/horizon/wp-call/2026-2027/wp-7-digital-industry-and-space_horizon-2026-2027_en.pdf
DOGA,Província de Barcelona,Responsable de nous productes,Línea Directa de Innovación (LIC / LDI),CDTI,Espanya,permanent,—,—,no,82,A,"temes: industria, sostenibilitat, digital; rol: beneficiari",https://www.cdti.es/sites/default/files/2023-09/20230720_ficha_lic.pdf
DOGA,Província de Barcelona,Responsable de nous productes,Horizon Europe Clúster 5 – 2Zero 2027 (vehicles de zero emissions),Comissió Europea,UE + països associats,propera,15/12/2026,14/04/2027,no,81,A,"temes: mobilitat, automocio, sostenibilitat, cooperacio, energia; rol: beneficiari",https://ec.europa.eu/info/funding-tenders/opportunities/docs/2021-2027/horizon/wp-call/2026-2027/wp-8-climate-energy-and-mobility_horizon-2026-2027_en.pdf
DOGA,Província de Barcelona,Responsable de nous productes,Proyectos de I+D (PID),"CDTI (Ministeri de Ciència, Innovació i Universitats)",Espanya,permanent,—,—,no,79,B,"temes: industria, sostenibilitat, cooperacio, digital; rol: beneficiari",https://www.cdti.es/ayudas
DOGA,Província de Barcelona,Responsable de nous productes,FAIIP – Fondo de Apoyo a la Inversión Industrial Productiva,SEPIDES (Ministeri d'Indústria i Turisme),Espanya,permanent,—,31/12/2026,no,77,B,"temes: industria, sostenibilitat, energia; rol: beneficiari",https://sepides.es/
DOGA,Província de Barcelona,Responsable de nous productes,EUREKA SMART – Call 10 (fabricació avançada),EUREKA (clúster SMART) + CDTI,UE + països associats,oberta,—,26/01/2027,no,74,B,"temes: industria, sostenibilitat, cooperacio, digital; rol: beneficiari",https://www.eurekanetwork.org/programmes-and-calls/eureka-clusters/smart-call-10-2026/
DOGA,Província de Barcelona,Responsable de nous productes,"Horizon Europe Clúster 4 – AI-Driven Robotics for Industry (ADRA, 2027)",Comissió Europea,UE + països associats,propera,17/11/2026,18/03/2027,no,70,B,"temes: industria, robotica, cooperacio; rol: beneficiari",https://ec.europa.eu/info/funding-tenders/opportunities/portal/
DOGA,Província de Barcelona,Responsable de nous productes,EIT Urban Mobility – convocatòries (startups i innovació estratègica),EIT Urban Mobility (seu a Barcelona),UE + països associats,oberta,—,16/11/2026,no,70,B,"temes: mobilitat, sostenibilitat, cooperacio; rol: beneficiari",https://www.eiturbanmobility.eu/call-for-proposals/
DOGA,Província de Barcelona,Responsable de nous productes,EIC Pathfinder (Open i Challenges),Comissió Europea – EIC / EISMEA,UE + països associats,oberta,—,28/10/2026,no,67,B,temes: cooperacio; rol: beneficiari,https://ec.europa.eu/info/funding-tenders/opportunities/portal/screen/opportunities/topic-details/horizon-eic-2026-pathfinderopen
DOGA,Província de Barcelona,Responsable de nous productes,Inversions empresarials d'alt impacte,ACCIÓ,Catalunya,oberta,01/06/2026,09/10/2026,sí,66,B,temes: industria; rol: beneficiari,https://www.accio.gencat.cat/ca/serveis/cercador-ajuts-empresa/
DOGA,Província de Barcelona,Responsable de nous productes,"Horizon Europe Clúster 6 – Alimentació, bioeconomia i agricultura 2027",Comissió Europea,UE + països associats,propera,03/02/2027,07/04/2027,no,66,B,"temes: sostenibilitat, cooperacio, agrotech; rol: beneficiari",https://ec.europa.eu/info/funding-tenders/opportunities/docs/2021-2027/horizon/wp-call/2026-2027/wp-9-food-bioeconomy-natural-resources-agriculture-and-environment_horizon-2026-2027_en.pdf
